timestamp,regime_label,TREND,CHOP,RISK_OFF,mode
2019-01-01T00:00:00+00:00,RISK_OFF,0.00015960441553976412,6.327728406562634e-05,0.9997771183004074,pairs_only
2019-01-02T00:00:00+00:00,RISK_OFF,0.0005034330357144589,0.0001983031448309389,0.9992982638194569,pairs_only
2019-01-03T00:00:00+00:00,RISK_OFF,0.0016499945594913613,0.0006763833937352838,0.9976736220467628,pairs_only
2019-01-04T00:00:00+00:00,RISK_OFF,0.009090363931358699,0.0042169962406001585,0.9866926398280549,pairs_only
2019-01-07T00:00:00+00:00,RISK_OFF,0.015726621645201874,0.011901933038882448,0.9723714453159086,pairs_only
2019-01-08T00:00:00+00:00,RISK_OFF,0.03631758978568627,0.029117529300633233,0.9345648809136711,pairs_only
2019-01-09T00:00:00+00:00,RISK_OFF,0.08744771388241385,0.08591958956765695,0.8266326965499274,pairs_only
2019-01-10T00:00:00+00:00,TREND,0.43942414982303757,0.42434858869589476,0.13622726148107203,pairs_only
2019-01-11T00:00:00+00:00,CHOP,0.4791418158275564,0.5160864306708813,0.004771753501558017,pairs_only
2019-01-14T00:00:00+00:00,TREND,0.5066977480233057,0.4925945152417522,0.0007077367349456701,pairs_only
2019-01-15T00:00:00+00:00,CHOP,0.48137300271421646,0.5180907258669665,0.0005362714188288994,pairs_only
2019-01-16T00:00:00+00:00,TREND,0.5078729236248236,0.49188614451270396,0.00024093186246946233,pairs_only
2019-01-17T00:00:00+00:00,CHOP,0.4799002500052867,0.5193712275635406,0.0007285224311859019,pairs_only
2019-01-18T00:00:00+00:00,TREND,0.5064728617620264,0.4922512195264734,0.0012759187115008318,pairs_only
2019-01-21T00:00:00+00:00,CHOP,0.48016162738813856,0.5187172072041893,0.0011211654076855825,pairs_only
2019-01-22T00:00:00+00:00,TREND,0.5063399473160779,0.4925392410192082,0.0011208116647117097,pairs_only
2019-01-23T00:00:00+00:00,CHOP,0.48012555397319223,0.5185840328047011,0.0012904132221171441,pairs_only
2019-01-24T00:00:00+00:00,TREND,0.505516177244321,0.49277736377660464,0.0017064589790869366,pairs_only
2019-01-25T00:00:00+00:00,CHOP,0.48115885097933403,0.5178192430692996,0.00102190595135354,pairs_only
2019-01-28T00:00:00+00:00,TREND,0.5057180132878699,0.4933244859559683,0.000957500756150764,pairs_only
2019-01-29T00:00:00+00:00,CHOP,0.47916250339476646,0.5180372389392571,0.0028002576659776467,pairs_only
2019-01-30T00:00:00+00:00,TREND,0.5029940572329711,0.4920905071684933,0.0049154355985465865,pairs_only
2019-01-31T00:00:00+00:00,CHOP,0.4785471243179997,0.516571475536887,0.004881400145115681,pairs_only
2019-02-01T00:00:00+00:00,TREND,0.5000047942703724,0.49102200443621735,0.008973201293398278,pairs_only
2019-02-04T00:00:00+00:00,CHOP,0.47560632013302506,0.5129909212085703,0.011402758658411647,pairs_only
2019-02-05T00:00:00+00:00,TREND,0.4975431368700198,0.4891316512645481,0.0133252118654329,pairs_only
2019-02-06T00:00:00+00:00,CHOP,0.4743785946805542,0.5112015319216157,0.014419873397820835,pairs_only
2019-02-07T00:00:00+00:00,TREND,0.4951717957835018,0.48751579643364606,0.017312407782857104,pairs_only
2019-02-08T00:00:00+00:00,CHOP,0.47306772934044,0.5056513851214585,0.02128088553809486,pairs_only
2019-02-11T00:00:00+00:00,TREND,0.601726996217355,0.38049011175808045,0.017782892024561993,pairs_only
2019-02-12T00:00:00+00:00,TREND,0.7344778252122143,0.24924064328093634,0.01628153150685577,pairs_only
2019-02-13T00:00:00+00:00,TREND,0.7368164461035323,0.23475245461805286,0.028431099278401043,pairs_only
2019-02-14T00:00:00+00:00,TREND,0.7220475588371432,0.2319999405725788,0.04595250059027566,pairs_only
2019-02-15T00:00:00+00:00,TREND,0.7334021885873319,0.23294540028194907,0.033652411130723446,pairs_only
2019-02-18T00:00:00+00:00,TREND,0.7357429916201921,0.23668409699849344,0.02757291138131768,pairs_only
2019-02-19T00:00:00+00:00,TREND,0.737502164491103,0.23507376153707218,0.027424073971816874,pairs_only
2019-02-20T00:00:00+00:00,TREND,0.7405677019305982,0.23845827055654437,0.020974027512851268,pairs_only
2019-02-21T00:00:00+00:00,TREND,0.716556214746916,0.23133559695445877,0.052108188298636234,pairs_only
2019-02-22T00:00:00+00:00,TREND,0.6833246602614148,0.22070241048020395,0.09597292925838309,pairs_only
2019-02-25T00:00:00+00:00,TREND,0.4476417451042447,0.14568251803270796,0.4066757368630569,pairs_only
2019-02-26T00:00:00+00:00,TREND,0.22643896338008881,0.07368781532425286,0.6998732212956621,pairs_only
2019-02-27T00:00:00+00:00,RISK_OFF,0.07486518496739787,0.0256214751213474,0.8995133399112607,pairs_only
2019-02-28T00:00:00+00:00,RISK_OFF,0.03656776407952007,0.013600480236532524,0.9498317556839451,pairs_only
2019-03-01T00:00:00+00:00,RISK_OFF,0.022193077261244174,0.010344682556367018,0.9674622401823759,pairs_only
2019-03-04T00:00:00+00:00,RISK_OFF,0.012081682349477697,0.006797084804481484,0.9811212328460269,pairs_only
2019-03-05T00:00:00+00:00,RISK_OFF,0.008964717212553338,0.00529865161671522,0.985736631170741,pairs_only
2019-03-06T00:00:00+00:00,RISK_OFF,0.005205509239610855,0.0033244119590961985,0.9914700788012794,pairs_only
2019-03-07T00:00:00+00:00,RISK_OFF,0.004915884630062398,0.0028052561145067265,0.9922788592554337,pairs_only
2019-03-08T00:00:00+00:00,RISK_OFF,0.001834281218566968,0.001078681636881399,0.9970870371445657,pairs_only
2019-03-11T00:00:00+00:00,RISK_OFF,0.0010808188576521842,0.0005063052303946381,0.9984128759119612,pairs_only
2019-03-12T00:00:00+00:00,RISK_OFF,0.001129924754468978,0.0004952128916402722,0.9983748623538775,pairs_only
2019-03-13T00:00:00+00:00,RISK_OFF,0.001347192630840857,0.000594302323421202,0.9980585050457378,pairs_only
2019-03-14T00:00:00+00:00,RISK_OFF,0.017293504995756895,0.007724124914530394,0.9749823700897081,pairs_only
2019-03-15T00:00:00+00:00,RISK_OFF,0.02497095556848939,0.025044689084162963,0.9499843553473524,pairs_only
2019-03-18T00:00:00+00:00,RISK_OFF,0.03804213502947472,0.030051730781415577,0.931906134189102,pairs_only
2019-03-19T00:00:00+00:00,RISK_OFF,0.04936322350300591,0.04960921621096555,0.9010275602860223,pairs_only
2019-03-20T00:00:00+00:00,RISK_OFF,0.05588480527911728,0.050025626308051956,0.8940895684128174,pairs_only
2019-03-21T00:00:00+00:00,RISK_OFF,0.22577261688974284,0.22273713954183993,0.5514902435684066,pairs_only
2019-03-22T00:00:00+00:00,RISK_OFF,0.3526514758384391,0.36746330317987275,0.2798852209816992,pairs_only
2019-03-25T00:00:00+00:00,CHOP,0.46290599896930507,0.46445405834645337,0.07263994268425121,pairs_only
2019-03-26T00:00:00+00:00,CHOP,0.4866021944454664,0.507400124782442,0.0059976807721034905,pairs_only
2019-03-27T00:00:00+00:00,CHOP,0.49820020367589163,0.5006586316768012,0.001141164647296788,pairs_only
2019-03-28T00:00:00+00:00,CHOP,0.4894305701651507,0.5098465784305577,0.0007228514042912538,pairs_only
2019-03-29T00:00:00+00:00,CHOP,0.4971708970701842,0.5014610247287294,0.0013680782010908753,pairs_only
